QQS74306.1	Pn3.4770	100	511	0	0	1	511	68	578	0	1057
QQS74306.1	Pn7.1626	76.908	511	108	3	1	511	1	501	0	810
QQS74306.1	Pn4.3099	76.817	509	102	4	4	511	2	495	0	810
QQS74306.1	Pn3.4771	92.857	280	19	1	172	451	1	279	4.38E-177	499
QQS74306.1	Pn2.2352	47.872	470	232	4	41	510	27	483	2.51E-156	454
QQS74306.1	Pn3.4772	87.395	119	15	0	25	143	1	119	8.32E-69	216
QQS74306.1	Pn23.328	30.165	484	303	12	41	503	32	501	9.57E-58	200
QQS74306.1	Pn2.2347	42.667	225	125	3	41	265	27	247	3.46E-54	182
QQS74306.1	Pn23.321	29.209	493	297	14	41	503	32	502	1.29E-51	183
QQS74306.1	Pn23.355	29.209	493	297	14	41	503	32	502	1.38E-51	183
QQS74306.1	Pn23.362	28.838	482	310	13	41	503	32	499	3.05E-50	179
QQS74306.1	Pn23.334	28.355	529	326	16	1	503	1	502	4.56E-50	179
QQS74306.1	Pn11.1327	29.273	509	301	14	41	510	48	536	1.2E-49	179
QQS74306.1	Pn1.2245	28.974	497	313	13	37	510	27	506	7.33E-49	176
QQS74306.1	Pn1.2232	28.974	497	313	13	37	510	27	506	7.33E-49	176
QQS74306.1	Pn23.316	27.893	484	315	12	41	503	32	502	3.04E-47	171
QQS74306.1	Pn4.1910	28.662	471	303	14	60	511	46	502	6.28E-46	168
QQS74306.1	Pn13.903	28.889	495	309	12	44	510	24	503	6.81E-46	167
QQS74306.1	Pn6.2114	28.189	486	304	14	49	510	31	495	1.85E-45	166
QQS74306.1	Pn7.1763	26.079	533	326	14	16	511	9	510	2.04E-45	166
QQS74306.1	Pn6.2030	27.984	486	305	13	49	510	31	495	4.45E-45	165
QQS74306.1	Pn4.1505	26.761	497	319	13	47	510	35	519	8.63E-45	165
QQS74306.1	Pn4.1509	26.559	497	320	13	47	510	35	519	3.41E-44	163
QQS74306.1	Pn11.26	27.197	478	297	11	44	491	56	512	4.52E-44	163
QQS74306.1	Pn18.377	26.376	527	326	14	20	510	16	516	1.21E-43	162
QQS74306.1	Pn13.907	28.283	495	312	12	44	510	24	503	2.01E-43	161
QQS74306.1	Pn26.390	25.56	536	338	16	15	510	19	533	2.66E-43	161
QQS74306.1	Pn13.1633	29.293	495	307	12	44	510	24	503	2.69E-43	160
QQS74306.1	Pn13.899	28.484	488	312	13	43	510	25	495	6.25E-42	157
QQS74306.1	Pn13.1626	28.485	495	311	12	44	510	24	503	9.11E-42	156
QQS74306.1	Pn9.1241	26.397	519	315	17	16	505	71	551	1.39E-41	157
QQS74306.1	Pn2.2829	28.995	438	277	11	96	510	80	506	1.61E-41	155
QQS74306.1	Pn13.900	28.717	491	301	15	49	510	33	503	3.33E-41	155
QQS74306.1	Pn4.431	28.834	489	297	19	51	510	73	539	4.82E-41	155
QQS74306.1	Pn5.1975	26.809	470	311	13	60	511	60	514	5.43E-41	154
QQS74306.1	Pn8.156	29.098	488	294	14	58	510	44	514	1.61E-40	153
QQS74306.1	Pn2.2460	25.253	495	318	12	49	510	39	514	1.79E-40	153
QQS74306.1	Pn4.3246	27.083	480	307	16	49	503	29	490	4.7E-40	151
QQS74306.1	Pn3.2114	26.336	524	337	16	11	510	38	536	1.08E-39	151
QQS74306.1	Pn23.327	27.97	404	267	10	41	426	32	429	5.28E-39	148
QQS74306.1	Pn6.289	25.625	480	287	10	42	485	32	477	7.21E-39	148
QQS74306.1	Pn19.165	25.383	457	305	11	47	477	34	480	1.47E-38	147
QQS74306.1	Pn18.957	26.923	494	313	14	49	510	34	511	1.68E-38	147
QQS74306.1	Pn6.3167	25	484	306	17	49	503	30	485	3.01E-38	146
QQS74306.1	Pn4.1516	25.636	511	320	16	38	510	30	518	3.52E-38	146
QQS74306.1	Pn11.1124	27.236	492	312	15	46	510	36	508	6.88E-38	145
QQS74306.1	Pn24.643	27.35	468	275	15	44	478	26	461	1.1E-37	145
QQS74306.1	Pn16.1190	26.587	504	309	17	49	510	34	518	1.18E-37	145
QQS74306.1	Pn8.2798	26.305	498	317	13	47	510	39	520	2.62E-37	144
QQS74306.1	Pn21.798	27.664	488	308	16	49	510	48	516	3.95E-37	144
QQS74306.1	Pn13.902	28.372	430	274	11	97	510	83	494	4.67E-37	143
QQS74306.1	Pn16.1767	27.607	489	308	16	49	510	35	504	5.09E-37	143
QQS74306.1	Pn21.824	27.664	488	308	16	49	510	97	565	5.65E-37	144
QQS74306.1	Pn16.1143	27.607	489	308	16	49	510	35	504	6.89E-37	142
QQS74306.1	Pn24.613	26.923	468	277	15	44	478	26	461	8.05E-37	142
QQS74306.1	Pn16.1142	27.607	489	308	16	49	510	35	504	8.06E-37	142
QQS74306.1	Pn16.1768	27.607	489	308	16	49	510	35	504	8.06E-37	142
QQS74306.1	Pn20.159	26.419	458	284	13	49	476	31	465	9.63E-37	142
QQS74306.1	Pn5.1580	25.265	471	316	15	60	510	56	510	1.05E-36	142
QQS74306.1	Pn5.1584	25.212	472	315	16	60	510	56	510	1.16E-36	142
QQS74306.1	Pn18.984	26.226	469	299	11	64	510	52	495	1.16E-36	142
QQS74306.1	Pn13.1634	28.372	430	274	11	97	510	83	494	1.21E-36	142
QQS74306.1	Pn6.3803	24.58	476	318	14	49	503	33	488	1.48E-36	141
QQS74306.1	Pn6.3807	24.58	476	318	14	49	503	33	488	1.48E-36	141
QQS74306.1	Pn24.671	27.31	487	312	14	49	510	35	504	1.66E-36	142
QQS74306.1	Pn1.1881	23.984	492	330	12	37	498	26	503	2.06E-36	142
QQS74306.1	Pn24.672	27.198	489	310	15	49	510	35	504	2.69E-36	141
QQS74306.1	Pn6.2687	24.842	475	318	14	49	503	33	488	3.14E-36	140
QQS74306.1	Pn6.2692	24.738	477	316	15	49	503	33	488	3.43E-36	140
QQS74306.1	Pn5.1444	25.053	471	317	15	60	510	56	510	4.31E-36	140
QQS74306.1	Pn8.993	27.621	496	295	20	51	510	58	525	4.6E-36	140
QQS74306.1	Pn16.1232	25.949	474	292	15	44	488	26	469	5.62E-36	140
QQS74306.1	Pn16.1196	25.847	472	295	14	44	488	26	469	1.39E-35	139
QQS74306.1	Pn11.1326	27.974	454	289	13	75	510	58	491	1.69E-35	139
QQS74306.1	Pn6.1100	24.75	501	321	11	46	509	39	520	3.33E-35	138
QQS74306.1	Pn8.167	25	528	339	18	1	511	1	488	3.9E-35	137
QQS74306.1	Pn15.439	27.443	481	296	19	51	505	72	525	5.45E-35	137
QQS74306.1	Pn6.3800	24.319	477	318	15	49	503	33	488	7.83E-35	137
QQS74306.1	Pn4.1515	24.535	538	332	15	13	509	12	516	9.31E-35	137
QQS74306.1	Pn3.2261	25.62	484	324	9	49	510	57	526	1.06E-34	137
QQS74306.1	Pn7.1961	26.931	505	290	17	45	510	100	564	1.7E-34	137
QQS74306.1	Pn10.1566	23.764	526	363	14	9	510	8	519	1.89E-34	136
QQS74306.1	Pn17.462	25.05	503	335	13	36	510	31	519	2.25E-34	135
QQS74306.1	Pn17.550	25.05	503	335	13	36	510	31	519	4.6E-34	135
QQS74306.1	Pn12.473	25	492	330	11	45	510	41	519	4.74E-34	135
QQS74306.1	Pn22.817	26.261	476	305	13	58	509	40	493	8.56E-34	134
QQS74306.1	Pn5.2776	26.898	461	303	14	54	509	42	473	1.27E-33	133
QQS74306.1	Pn10.1563	24.277	519	349	15	19	510	18	519	1.6E-33	133
QQS74306.1	Pn18.1076	23.859	482	332	11	47	503	32	503	2.28E-33	134
QQS74306.1	Pn1.1862	24.726	457	296	12	49	476	32	469	2.53E-33	132
QQS74306.1	Pn22.658	26.569	478	301	12	58	509	40	493	3.48E-33	132
QQS74306.1	Pn20.1025	24.395	537	338	17	1	508	1	498	4.11E-33	132
QQS74306.1	Pn6.3797	24.109	477	319	15	49	503	33	488	7.62E-33	131
QQS74306.1	Pn6.1052	25	524	322	18	30	510	19	514	7.84E-33	131
QQS74306.1	Pn9.1365	26.327	452	272	14	64	480	47	472	8.92E-33	131
QQS74306.1	Pn6.1974	25.43	523	315	15	38	510	28	525	1.14E-32	131
QQS74306.1	Pn18.432	25.459	436	284	13	60	473	60	476	1.29E-32	130
QQS74306.1	Pn3.1112	25.325	462	288	13	49	478	39	475	1.56E-32	130
QQS74306.1	Pn1.1857	28.016	489	296	17	49	503	32	498	2.37E-32	130
QQS74306.1	Pn13.1636	36.842	209	118	4	309	510	140	341	4.52E-32	126
QQS74306.1	Pn12.471	23.78	492	336	11	45	510	41	519	6.82E-32	129
QQS74306.1	Pn12.496	24.746	493	330	14	45	510	94	572	1.58E-31	128
QQS74306.1	Pn22.659	26.681	476	297	14	58	505	40	491	1.58E-31	127
QQS74306.1	Pn4.3244	24.948	481	307	14	40	491	27	482	3.17E-31	126
QQS74306.1	Pn2.84	25.112	446	285	13	64	480	47	472	3.46E-31	126
QQS74306.1	Pn4.978	27.234	470	308	13	58	509	40	493	3.72E-31	126
QQS74306.1	Pn20.1023	23.881	536	342	15	1	508	1	498	4.31E-31	126
QQS74306.1	Pn4.860	25.941	478	318	11	49	511	27	483	7.33E-31	125
QQS74306.1	Pn21.990	25.109	458	311	11	39	478	37	480	8.06E-31	125
QQS74306.1	Pn4.971	26.955	486	283	18	58	505	40	491	8.95E-31	125
QQS74306.1	Pn4.3231	24.948	477	304	14	44	491	31	482	9.14E-31	125
QQS74306.1	Pn3.3922	25.47	479	280	13	72	510	61	502	1.28E-30	125
QQS74306.1	Pn20.961	25	460	270	16	58	478	67	490	1.48E-30	125
QQS74306.1	Pn20.928	24.783	460	271	14	58	478	67	490	1.5E-30	125
QQS74306.1	Pn11.1975	27.149	442	259	18	51	461	77	486	1.59E-30	124
QQS74306.1	Pn23.351	33.495	206	123	5	302	503	307	502	1.76E-30	124
QQS74306.1	Pn22.504	24.798	496	313	16	49	511	36	504	1.82E-30	124
QQS74306.1	Pn16.1194	25.581	430	259	12	49	431	34	449	1.87E-30	124
QQS74306.1	Pn1.1883	23.077	507	332	15	42	510	26	512	3.42E-30	124
QQS74306.1	Pn5.249	24.694	490	327	14	49	510	34	509	3.91E-30	123
QQS74306.1	Pn6.3118	29.469	207	131	5	304	503	1	199	5.38E-30	116
QQS74306.1	Pn1.1841	27.812	489	297	17	49	503	32	498	6.24E-30	122
QQS74306.1	Pn12.498	24.236	491	334	13	45	510	38	515	1.03E-29	122
QQS74306.1	Pn6.897	30.097	206	138	2	305	510	315	514	1.07E-29	122
QQS74306.1	Pn17.1126	26.316	456	300	16	71	504	51	492	1.41E-29	122
QQS74306.1	Pn7.1498	28.125	480	303	16	49	511	43	497	1.51E-29	121
QQS74306.1	Pn16.80	34.804	204	123	5	304	505	282	477	1.51E-29	121
QQS74306.1	Pn1.3133	35.814	215	124	5	298	510	1	203	1.76E-29	117
QQS74306.1	Pn1.2993	35.814	215	124	5	298	510	1	203	1.76E-29	117
QQS74306.1	Pn24.438	33.01	206	124	5	304	505	302	497	1.79E-29	121
QQS74306.1	Pn5.837	24.486	486	333	13	49	510	34	509	2.25E-29	121
QQS74306.1	Pn6.3808	22.175	469	336	10	49	505	30	481	4.63E-29	120
QQS74306.1	Pn17.1122	26.285	506	313	18	36	509	19	496	5.44E-29	120
QQS74306.1	Pn14.908	25.615	488	315	14	12	478	9	469	7.52E-29	119
QQS74306.1	Pn22.757	25	496	312	17	49	511	37	505	7.63E-29	119
QQS74306.1	Pn8.395	23.552	518	358	13	17	510	108	611	1.28E-28	120
QQS74306.1	Pn6.3804	22.93	471	328	13	49	503	30	481	1.88E-28	118
QQS74306.1	Pn1.1859	24.897	486	315	14	49	503	9	475	2.75E-28	117
QQS74306.1	Pn6.2426	22.846	534	352	12	14	510	4	514	2.77E-28	118
QQS74306.1	Pn1.1844	24.897	486	315	14	49	503	32	498	3E-28	118
QQS74306.1	Pn23.356	31.429	210	111	4	304	509	91	271	3.02E-28	113
QQS74306.1	Pn8.406	23.872	532	339	17	17	510	25	528	3.36E-28	118
QQS74306.1	Pn8.404	23.654	520	355	14	17	510	25	528	4.58E-28	117
QQS74306.1	Pn6.3801	23.142	471	327	13	49	503	30	481	6.45E-28	117
QQS74306.1	Pn4.969	25.157	477	309	12	58	509	40	493	8.49E-28	116
QQS74306.1	Pn4.966	25.926	486	288	17	58	505	40	491	1.08E-27	116
QQS74306.1	Pn21.187	26.338	467	277	18	63	508	45	465	1.49E-27	115
QQS74306.1	Pn8.398	23.946	522	351	16	17	510	92	595	2.24E-27	116
QQS74306.1	Pn1.313	29.911	224	149	4	288	510	43	259	2.24E-27	111
QQS74306.1	Pn19.407	28.067	481	266	20	51	507	73	497	2.53E-27	115
QQS74306.1	Pn12.468	29.327	208	140	3	303	510	85	285	2.67E-27	111
QQS74306.1	Pn5.1784	34.337	166	100	4	346	510	24	181	8.22E-27	107
QQS74306.1	Pn17.1131	25.304	494	306	15	49	510	32	494	8.51E-27	113
QQS74306.1	Pn1.1842	24.649	499	300	15	49	503	121	587	1.26E-26	114
QQS74306.1	Pn15.214	26.273	491	314	16	13	481	13	477	2.09E-26	112
QQS74306.1	Pn15.2393	29.353	201	138	3	310	510	193	389	4.74E-26	110
QQS74306.1	Pn1.312	31.868	182	118	2	295	476	428	603	9.22E-26	112
QQS74306.1	Pn24.371	31.683	202	131	3	309	510	316	510	1.01E-25	110
QQS74306.1	Pn1.1255	24.439	446	295	12	71	494	51	476	3.66E-25	108
QQS74306.1	Pn1.3253	30.952	210	135	5	302	510	295	495	3.86E-25	108
QQS74306.1	Pn15.1889	24.703	421	250	12	49	424	71	469	2E-24	106
QQS74306.1	Pn19.153	25.67	448	298	12	49	478	33	463	2.96E-24	106
QQS74306.1	Pn12.493	29	200	135	3	311	510	324	516	3.85E-24	105
QQS74306.1	Pn19.149	25.514	486	320	14	15	481	5	467	4.4E-24	105
QQS74306.1	Pn22.759	24.194	496	316	17	49	511	36	504	4.91E-24	105
QQS74306.1	Pn5.1471	30.102	196	118	8	321	510	1	183	2.31E-23	97.4
QQS74306.1	Pn23.463	29.07	172	117	3	302	473	74	240	5.97E-23	97.8
QQS74306.1	Pn8.408	22.768	448	296	10	96	510	126	556	6.07E-23	102
QQS74306.1	Pn1.1257	25	492	292	14	59	510	42	496	9.62E-23	101
QQS74306.1	Pn1.1178	30.556	216	134	7	287	501	158	358	1.68E-22	99.4
QQS74306.1	Pn5.835	29.891	184	116	4	328	510	187	358	2.32E-22	99
QQS74306.1	Pn1.1181	26.479	355	223	9	49	380	30	369	3.11E-22	99.4
QQS74306.1	Pn5.1612	30.872	149	90	4	333	478	3	141	4.59E-22	93.6
QQS74306.1	Pn17.1130	23.859	482	306	12	59	509	42	493	6.96E-22	99
QQS74306.1	Pn12.1858	26.667	240	152	6	256	483	264	491	1.64E-21	97.8
QQS74306.1	Pn6.2689	25.551	227	154	6	283	503	87	304	2.35E-21	95.1
QQS74306.1	Pn12.1673	27.083	240	151	7	256	483	234	461	3.42E-21	97.4
QQS74306.1	Pn14.52	21.472	489	314	15	51	500	38	495	8.22E-21	95.9
QQS74306.1	Pn14.31	21.268	489	315	15	51	500	44	501	6.24E-20	93.2
QQS74306.1	Pn5.830	32.432	111	65	2	318	424	2	106	1.43E-19	84.3
QQS74306.1	Pn12.1859	25.882	255	161	7	238	478	203	443	1.48E-19	91.7
QQS74306.1	Pn12.1674	25.882	255	161	7	238	478	203	443	1.48E-19	91.7
QQS74306.1	Pn23.347	27.083	336	225	11	41	365	32	358	3.34E-19	90.1
QQS74306.1	Pn21.455	23.601	411	273	15	92	478	149	542	7.94E-19	90.1
QQS74306.1	Pn16.1228	32.903	155	88	3	339	491	16	156	8.71E-19	84.7
QQS74306.1	Pn6.2400	26.455	378	219	12	47	421	4	325	1.22E-18	88.2
QQS74306.1	Pn16.1191	33.333	150	88	2	339	488	16	153	1.42E-18	84
QQS74306.1	Pn2.1658	29.801	151	96	3	308	458	4	144	2E-18	82.8
QQS74306.1	Pn2.1530	29.518	166	108	4	302	467	210	366	5.08E-18	85.9
QQS74306.1	Pn5.195	27.128	188	123	3	295	480	249	424	1.99E-17	85.1
QQS74306.1	Pn23.358	30.894	123	83	1	295	417	185	305	2.07E-17	84
QQS74306.1	Pn9.1366	34.711	121	77	1	306	426	22	140	2.45E-17	79.7
QQS74306.1	Pn8.869	25.67	261	160	9	246	476	285	541	2.56E-16	82
QQS74306.1	Pn23.322	30.928	194	130	3	41	232	32	223	3.36E-16	79.7
QQS74306.1	Pn8.2823	27.835	194	126	4	287	479	259	439	3.47E-16	81.3
QQS74306.1	Pn23.352	30.928	194	130	3	41	232	32	223	3.86E-16	79.3
QQS74306.1	Pn6.1698	38.462	117	64	3	394	510	25	133	5.1E-16	75.1
QQS74306.1	Pn2.724	22.68	291	198	7	198	476	212	487	5.51E-16	80.9
QQS74306.1	Pn11.1325	30.508	177	113	5	321	492	1	172	7.33E-16	75.9
QQS74306.1	Pn16.1146	38.75	80	49	0	346	425	130	209	8.95E-16	76.6
QQS74306.1	Pn23.313	31.544	149	88	3	305	451	1	137	1.19E-15	73.9
QQS74306.1	Pn8.2760	26.531	196	101	3	317	510	30	184	1.42E-15	75.5
QQS74306.1	Pn8.2704	20.388	412	251	13	89	476	99	457	1.69E-15	79.3
QQS74306.1	Pn6.149	23.729	236	154	6	257	478	228	451	1.86E-15	79
QQS74306.1	Pn14.909	32.824	131	76	2	358	488	1	119	2.39E-15	73.6
QQS74306.1	Pn6.1318	25.764	229	159	4	255	478	221	443	3E-15	78.2
QQS74306.1	Pn26.437	25.414	181	123	2	298	478	207	375	3.22E-15	77.8
QQS74306.1	Pn8.1472	25.907	193	130	4	289	478	277	459	3.77E-15	78.2
QQS74306.1	Pn14.592	26.432	227	154	6	257	478	225	443	6.12E-15	77.4
QQS74306.1	Pn4.2505	29.878	164	102	4	324	484	4	157	6.71E-15	73.2
QQS74306.1	Pn23.319	33.775	151	75	4	357	503	3	132	7.6E-15	72
QQS74306.1	Pn5.832	30.645	124	80	2	337	458	20	139	8.22E-15	72
QQS74306.1	Pn18.985	24.731	186	126	3	295	478	272	445	9.62E-15	76.6
QQS74306.1	Pn8.2123	24.681	235	152	6	257	478	276	498	1.12E-14	77
QQS74306.1	Pn23.351	32.68	153	101	2	41	193	32	182	1.23E-14	76.6
QQS74306.1	Pn5.831	26.875	160	83	3	318	477	2	127	1.28E-14	70.9
QQS74306.1	Pn9.814	27.778	162	113	3	324	484	4	162	1.49E-14	72.4
QQS74306.1	Pn19.1098	25.21	238	156	5	259	484	230	457	1.71E-14	75.9
QQS74306.1	Pn22.878	31.061	132	83	4	369	498	1	126	1.87E-14	74.7
QQS74306.1	Pn8.744	22.629	464	287	17	51	476	40	469	2.02E-14	75.9
QQS74306.1	Pn5.3124	26.432	227	154	6	257	478	225	443	3.14E-14	75.1
QQS74306.1	Pn16.2033	29.268	123	86	1	348	470	30	151	3.51E-14	70.5
QQS74306.1	Pn23.360	32.979	94	61	1	333	426	3	94	5.48E-14	68.2
QQS74306.1	Pn5.910	21.932	383	255	9	113	478	90	445	5.72E-14	74.3
QQS74306.1	Pn5.125	20.892	426	282	16	79	478	90	486	1.18E-13	73.6
QQS74306.1	Pn12.369	27.568	185	108	5	302	478	330	496	1.35E-13	73.6
QQS74306.1	Pn24.301	27.32	194	136	3	294	486	272	461	1.36E-13	73.2
QQS74306.1	Pn4.2172	25.11	227	150	7	296	510	289	507	1.65E-13	73.2
QQS74306.1	Pn16.1412	26.776	183	114	7	307	477	327	501	2.07E-13	72.8
QQS74306.1	Pn11.550	24.576	236	149	6	260	478	227	450	2.38E-13	72.4
QQS74306.1	Pn23.317	32.68	153	101	2	41	193	32	182	2.82E-13	72.4
QQS74306.1	Pn23.349	31.469	143	96	2	41	183	36	176	3.12E-13	68.9
QQS74306.1	Pn4.1100	25.862	174	113	5	306	478	329	487	3.41E-13	72
QQS74306.1	Pn17.1318	24.681	235	155	7	256	477	264	489	3.48E-13	72
QQS74306.1	Pn8.169	30.172	116	71	2	345	458	13	120	4.69E-13	66.2
QQS74306.1	Pn11.1214	25.275	182	122	4	299	477	288	458	6.34E-13	71.2
QQS74306.1	Pn10.1414	24.737	190	121	4	295	478	266	439	7.14E-13	70.9
QQS74306.1	Pn8.2384	21.495	321	216	11	172	477	159	458	7.89E-13	70.9
QQS74306.1	Pn7.2018	22.248	436	269	17	77	476	86	487	9.54E-13	70.5
QQS74306.1	Pn10.1460	24.737	190	121	4	295	478	266	439	9.89E-13	70.5
QQS74306.1	Pn7.928	24.651	215	143	6	307	510	301	507	1.06E-12	70.5
QQS74306.1	Pn8.2380	24.277	173	114	4	309	477	57	216	1.07E-12	68.2
QQS74306.1	Pn8.2369	21.495	321	216	11	172	477	150	449	1.26E-12	70.1
QQS74306.1	Pn3.1998	25.628	199	119	6	295	484	268	446	1.44E-12	70.1
QQS74306.1	Pn3.1962	25.628	199	119	6	295	484	268	446	1.66E-12	69.7
QQS74306.1	Pn23.314	29.6	125	86	1	283	407	137	259	1.78E-12	68.6
QQS74306.1	Pn23.315	36.697	109	67	2	41	149	27	133	1.83E-12	64.7
QQS74306.1	Pn13.825	25	184	120	5	299	477	288	458	2.46E-12	69.3
QQS74306.1	Pn7.2020	21.995	441	267	18	77	476	86	490	3.04E-12	68.9
QQS74306.1	Pn8.2359	21.562	320	216	10	172	477	159	457	3.11E-12	68.9
QQS74306.1	Pn19.366	21.248	513	301	22	51	508	47	511	3.61E-12	68.9
QQS74306.1	Pn3.2410	23.005	213	148	6	307	510	303	508	3.66E-12	68.9
QQS74306.1	Pn26.846	19.347	398	278	9	104	485	72	442	4.11E-12	68.6
QQS74306.1	Pn19.224	21.637	513	299	23	51	508	47	511	4.38E-12	68.6
QQS74306.1	Pn11.2701	24.138	232	155	6	257	478	195	415	5.79E-12	67.8
QQS74306.1	Pn1.2887	24.793	242	117	9	257	484	133	323	6.09E-12	67.4
QQS74306.1	Pn2.1311	24.352	193	131	4	288	478	280	459	6.7E-12	67.8
QQS74306.1	Pn5.479	29.054	148	91	4	316	461	2	137	7.77E-12	64.3
QQS74306.1	Pn8.2757	28.058	139	94	2	372	510	12	144	1.18E-11	63.2
QQS74306.1	Pn24.99	22.8	250	161	7	249	478	217	454	1.29E-11	67
QQS74306.1	Pn6.1121	24.519	208	138	5	286	486	233	428	1.29E-11	67
QQS74306.1	Pn23.361	32.52	123	70	4	339	457	77	190	1.37E-11	63.9
QQS74306.1	Pn10.1558	32.667	150	85	7	367	510	2	141	1.41E-11	62.8
QQS74306.1	Pn12.494	23.944	355	236	11	45	373	41	387	1.61E-11	66.6
QQS74306.1	Pn15.233	23.057	386	223	16	43	396	24	367	1.71E-11	66.2
QQS74306.1	Pn4.648	24.157	178	123	4	307	477	329	501	2.2E-11	66.2
QQS74306.1	Pn4.499	24.157	178	123	4	307	477	329	501	2.2E-11	66.2
QQS74306.1	Pn1.656	23.256	215	145	6	307	510	405	610	2.82E-11	66.2
QQS74306.1	Pn7.2014	21.895	475	287	20	77	511	86	516	3.12E-11	65.9
QQS74306.1	Pn8.616	33.333	105	62	2	379	480	61	160	4.09E-11	62
QQS74306.1	Pn20.696	25.131	191	129	5	288	477	291	468	4.11E-11	65.5
QQS74306.1	Pn15.1900	22.368	228	144	6	307	510	316	534	4.34E-11	65.5
QQS74306.1	Pn1.1863	29.63	135	90	4	373	503	9	142	4.93E-11	61.2
QQS74306.1	Pn20.691	25.131	191	129	5	288	477	291	468	4.94E-11	65.1
QQS74306.1	Pn5.2946	26.829	164	110	4	295	457	150	304	5.26E-11	64.7
QQS74306.1	Pn3.650	31.008	129	80	3	284	409	110	232	5.85E-11	63.2
QQS74306.1	Pn13.1288	27.273	165	110	3	302	464	219	375	6.36E-11	64.3
QQS74306.1	Pn4.2750	22.273	440	261	17	80	478	89	488	9.08E-11	64.3
QQS74306.1	Pn2.2301	24.706	170	119	4	302	470	302	463	9.18E-11	64.3
QQS74306.1	Pn20.701	25.131	191	129	5	288	477	291	468	9.97E-11	64.3
QQS74306.1	Pn14.770	26.829	164	110	4	295	457	316	470	1.01E-10	64.3
QQS74306.1	Pn22.933	24.49	343	219	11	168	476	143	479	1.14E-10	64.7
QQS74306.1	Pn4.2752	22.045	440	262	17	80	478	89	488	1.18E-10	63.9
QQS74306.1	Pn2.2311	24.706	170	119	4	302	470	294	455	1.73E-10	63.5
QQS74306.1	Pn2.117	28.488	172	112	5	306	476	419	580	1.83E-10	63.5
QQS74306.1	Pn21.355	25.773	194	133	5	285	477	299	482	2.33E-10	63.2
QQS74306.1	Pn21.371	26.289	194	132	5	285	477	299	482	2.9E-10	62.8
QQS74306.1	Pn6.2341	32.432	111	68	2	394	503	11	115	2.9E-10	58.2
QQS74306.1	Pn21.373	26.289	194	132	5	285	477	299	482	3.31E-10	62.8
QQS74306.1	Pn15.2251	25.758	198	138	4	302	497	313	503	3.62E-10	62.4
QQS74306.1	Pn20.684	25.14	179	120	6	306	480	325	493	3.65E-10	62.4
QQS74306.1	Pn21.357	26.289	194	132	5	285	477	299	482	3.98E-10	62.4
QQS74306.1	Pn16.973	21.094	256	181	6	245	486	206	454	4.24E-10	62
QQS74306.1	Pn15.216	24.571	175	121	4	309	478	301	469	4.38E-10	62.4
QQS74306.1	Pn6.876	27.957	93	65	1	325	417	1	91	4.87E-10	56.6
QQS74306.1	Pn9.1431	27.815	151	98	5	327	476	343	483	4.96E-10	62
QQS74306.1	Pn4.2753	24.859	177	116	6	306	478	160	323	1.23E-09	60.1
QQS74306.1	Pn4.1864	24.752	202	144	3	307	506	294	489	1.27E-09	60.8
QQS74306.1	Pn12.603	22.609	460	279	20	51	476	45	461	1.75E-09	60.5
QQS74306.1	Pn9.1458	27.815	151	98	5	327	476	283	423	1.86E-09	60.1
QQS74306.1	Pn9.1435	27.815	151	98	5	327	476	348	488	2.06E-09	60.1
QQS74306.1	Pn8.1960	31.765	85	57	1	394	478	11	94	2.3E-09	55.1
QQS74306.1	Pn9.1463	28.402	169	110	5	309	476	151	309	2.81E-09	58.9
QQS74306.1	Pn7.942	21.788	179	131	3	309	486	287	457	5.76E-09	58.5
QQS74306.1	Pn7.1172	21.788	179	131	3	309	486	287	457	6.8E-09	58.5
QQS74306.1	Pn11.546	28.022	182	119	4	306	483	321	494	1.44E-08	57.4
QQS74306.1	Pn1.3081	21.649	194	123	5	307	477	335	522	1.7E-08	57.4
QQS74306.1	Pn12.1525	23.529	204	122	5	302	478	309	505	1.7E-08	57.4
QQS74306.1	Pn9.1418	27.811	169	111	5	309	476	304	462	1.78E-08	57
QQS74306.1	Pn20.693	24.571	175	118	5	288	461	291	452	1.98E-08	57
QQS74306.1	Pn8.2377	22.807	171	89	4	309	477	57	186	2.17E-08	55.1
QQS74306.1	Pn23.353	35.417	96	50	3	410	501	35	122	2.26E-08	53.1
QQS74306.1	Pn1.3076	21.649	194	123	5	307	477	335	522	2.78E-08	56.6
QQS74306.1	Pn15.1246	22.989	174	123	5	306	478	154	317	3.44E-08	55.8
QQS74306.1	Pn2.935	24.713	174	119	4	263	425	221	393	5.41E-08	55.5
QQS74306.1	Pn2.1030	24.713	174	119	4	263	425	221	393	5.41E-08	55.5
QQS74306.1	Pn25.174	24.138	203	145	5	277	476	59	255	5.54E-08	54.7
QQS74306.1	Pn4.2751	23.429	175	121	5	306	478	290	453	5.7E-08	55.5
QQS74306.1	Pn23.323	35.417	96	50	3	410	501	35	122	6.66E-08	51.6
QQS74306.1	Pn1.3085	21.649	194	123	5	307	477	335	522	6.86E-08	55.5
QQS74306.1	Pn19.221	21.536	534	283	25	51	508	47	520	8.41E-08	55.1
QQS74306.1	Pn23.337	25.758	198	85	6	310	503	73	212	1.05E-07	53.1
QQS74306.1	Pn20.103	22.917	192	136	4	256	436	242	432	1.66E-07	53.9
QQS74306.1	Pn16.1000	33.333	66	35	1	413	478	38	94	2.01E-07	50.1
QQS74306.1	Pn2.726	33.333	84	45	3	398	476	15	92	2.81E-07	49.7
QQS74306.1	Pn5.1474	34.314	102	51	6	414	510	33	123	3.27E-07	49.7
QQS74306.1	Pn3.2747	25.123	203	118	7	302	477	240	435	3.65E-07	53.1
QQS74306.1	Pn6.3169	29.167	96	52	3	398	485	148	235	4.17E-07	51.6
QQS74306.1	Pn9.1445	32.184	87	52	3	391	476	105	185	4.52E-07	50.8
QQS74306.1	Pn15.1496	23.711	194	113	6	302	492	287	448	4.77E-07	52.8
QQS74306.1	Pn13.1635	31.818	110	69	2	49	158	33	136	6.02E-07	49.3
QQS74306.1	Pn23.462	27.922	154	101	4	44	193	32	179	6.83E-07	50.4
QQS74306.1	Pn20.591	21.739	483	292	20	26	478	82	508	7.68E-07	52
QQS74306.1	Pn5.1583	29.907	107	65	4	404	509	1	98	9.1E-07	48.5
QQS74306.1	Pn16.1382	24.39	205	120	5	294	486	93	274	9.56E-07	50.8
QQS74306.1	Pn1.1851	30.769	117	71	3	329	438	11	124	1.17E-06	48.1
QQS74306.1	Pn19.351	23.899	159	90	4	306	463	51	179	1.19E-06	49.3
QQS74306.1	Pn19.363	25.833	120	81	3	358	476	1	113	1.85E-06	47.8
QQS74306.1	Pn19.262	38.333	60	36	1	350	408	19	78	1.89E-06	48.1
QQS74306.1	Pn10.1556	40.625	64	37	1	42	105	33	95	2.29E-06	48.1
QQS74306.1	Pn5.1443	28.972	107	66	4	404	509	1	98	2.34E-06	47.4
QQS74306.1	Pn4.975	31.405	121	70	4	387	505	286	395	3.09E-06	49.7
QQS74306.1	Pn21.958	20.879	182	133	3	256	427	242	422	3.99E-06	49.3
QQS74306.1	Pn4.970	28.713	101	66	1	401	501	1	95	4.09E-06	45.8
QQS74306.1	Pn6.3116	23.684	190	108	8	310	485	59	225	5.91E-06	48.1
QQS74306.1	Pn1.1839	34.783	92	52	2	354	438	129	219	5.98E-06	47.8
QQS74306.1	Pn4.967	32.231	121	69	5	387	505	168	277	6.17E-06	49.3
QQS74306.1	Pn19.216	22.273	440	246	23	51	451	47	429	8.59E-06	48.5
QQS74306.1	Pn22.880	32.673	101	65	2	49	149	25	122	8.69E-06	46.6
QQS74306.1	Pn1.1178	39.56	91	45	3	40	130	12	92	9.24E-06	48.1
QQS74306.1	Pn4.977	30.337	89	56	1	401	489	1	83	1.18E-05	44.7
QQS74306.1	Pn16.1195	40.351	57	31	1	44	100	26	79	1.22E-05	43.9
QQS74306.1	Pn20.6	29.333	75	47	2	404	478	1	69	1.24E-05	43.9
QQS74306.1	Pn15.1405	20.87	115	79	2	365	479	104	206	2.4E-05	46.6
QQS74306.1	Pn1.1864	26.966	89	59	2	287	375	84	166	2.47E-05	45.1
QQS74306.1	Pn19.406	33.784	74	45	3	338	408	34	106	2.62E-05	45.1
QQS74306.1	Pn19.204	21.145	454	255	21	51	451	47	450	3.37E-05	46.6
QQS74306.1	Pn21.382	23.729	177	118	6	306	478	50	213	4.3E-05	45.4
QQS74306.1	Pn4.968	30.337	89	56	1	401	489	1	83	4.66E-05	42.7
QQS74306.1	Pn6.1009	21.795	156	78	3	309	464	281	392	4.78E-05	46.2
QQS74306.1	Pn19.341	34.783	69	38	2	396	463	76	138	4.9E-05	43.5
QQS74306.1	Pn21.385	24.571	175	115	7	306	476	236	397	6.27E-05	45.8
QQS74306.1	Pn12.493	29.524	105	72	2	45	149	38	140	6.64E-05	45.8
QQS74306.1	Pn5.834	27.778	126	88	3	25	149	9	132	7.3E-05	45.1
QQS74306.1	Pn12.467	28.571	105	73	2	45	149	41	143	7.7E-05	44.3
QQS74306.1	Pn1.1252	34.328	67	43	1	394	459	73	139	0.000102	43.9
QQS74306.1	Pn7.2017	26.506	83	54	2	397	478	11	87	0.000153	41.6
QQS74306.1	Pn8.2205	31.884	69	46	1	373	441	6	73	0.000158	41.2
QQS74306.1	Pn8.2702	25.424	59	44	0	289	347	28	86	0.000165	40.8
QQS74306.1	Pn5.833	25.397	126	91	3	25	149	9	132	0.000179	43.1
QQS74306.1	Pn10.967	24.088	137	98	3	49	185	273	403	0.000194	44.3
QQS74306.1	Pn19.359	30.952	84	46	3	396	476	35	109	0.000198	42
QQS74306.1	Pn12.501	28.571	105	73	2	45	149	41	143	0.000209	43.1
QQS74306.1	Pn21.186	26.724	116	75	2	373	488	237	342	0.000262	43.5
QQS74306.1	Pn8.2373	26.25	80	45	2	400	477	326	393	0.00035	43.1
QQS74306.1	Pn15.318	21.667	180	101	4	256	424	5	155	0.000377	43.5
QQS74306.1	Pn1.1117	20	235	132	7	256	477	218	409	0.000508	42.7
QQS74306.1	Pn6.897	28.689	122	81	5	30	149	19	136	0.000635	42.7
QQS74306.1	Pn23.354	19.838	247	175	5	95	333	9	240	0.000676	42
QQS74306.1	Pn13.2008	31.183	93	60	2	56	148	11	99	0.001	38.5
QQS74306.1	Pn22.567	37.313	67	42	0	445	511	126	192	0.002	40
QQS74306.1	Pn15.389	22.222	180	100	4	256	424	5	155	0.002	40.8
QQS74306.1	Pn24.438	32.609	92	60	2	57	148	46	135	0.003	40.4
QQS74306.1	Pn6.3784	41.667	60	32	2	451	510	128	184	0.004	38.9
QQS74306.1	Pn1.3112	29.545	88	58	2	49	136	58	141	0.004	38.5
QQS74306.1	Pn6.3486	33.333	48	23	1	420	467	133	171	0.007	38.1
QQS74306.1	Pn6.2686	24.294	177	120	6	49	219	30	198	0.009	38.5
QQS74306.1	Pn6.2690	28.713	101	68	3	49	148	30	127	0.009	37.4
QQS74306.1	Pn1.3696	28.244	131	81	5	302	426	349	472	0.012	38.5
QQS74306.1	Pn19.332	24.812	133	92	5	298	429	35	160	0.012	37.7
QQS74306.1	Pn1.1842	39.437	71	39	2	49	119	32	98	0.016	38.1
QQS74306.1	Pn13.1341	32.258	62	38	1	283	340	82	143	0.043	36.2
QQS74306.1	Pn20.7	21.196	368	214	15	5	341	13	335	0.046	36.6
QQS74306.1	Pn6.886	22.222	90	62	1	345	426	54	143	0.047	35.4
QQS74306.1	Pn10.710	24.365	197	116	9	56	240	69	244	0.063	35.8
QQS74306.1	Pn19.326	28.767	73	47	3	358	429	1	69	0.092	33.9
QQS74306.1	Pn4.975	33.333	99	46	4	58	148	40	126	0.099	35.4
QQS74306.1	Pn1.3111	28.125	64	44	1	304	367	119	180	0.1	35
QQS74306.1	Pn1.1256	26.984	63	44	1	393	455	101	161	0.1	34.7
QQS74306.1	Pn23.354	33.333	60	30	2	398	455	222	273	0.11	35
QQS74306.1	Pn1.1846	31.25	48	33	0	383	430	38	85	0.16	32.7
QQS74306.1	Pn12.1146	32.258	62	41	1	82	143	7	67	0.17	32
QQS74306.1	Pn1.312	22.807	114	87	1	36	149	648	760	0.21	34.7
QQS74306.1	Pn13.1341	29.348	92	55	4	417	504	174	259	0.21	34.3
QQS74306.1	Pn4.1313	30	90	50	3	401	477	125	214	0.21	34.3
QQS74306.1	Pn1.1852	43.182	44	22	1	49	92	32	72	0.26	32
QQS74306.1	Pn1.1840	43.182	44	22	1	49	92	32	72	0.26	32
QQS74306.1	Pn2.843	22.105	95	70	2	57	148	107	200	0.46	33.1
QQS74306.1	Pn2.960	22.105	95	70	2	57	148	107	200	0.46	33.1
QQS74306.1	Pn18.1075	32.432	37	25	0	377	413	76	112	0.47	31.6
QQS74306.1	Pn23.358	21.212	99	78	0	95	193	9	107	0.48	33.1
QQS74306.1	Pn22.330	28	75	48	2	307	375	329	403	0.5	33.1
QQS74306.1	Pn16.80	30.435	92	62	2	57	148	27	116	0.61	33.1
QQS74306.1	Pn4.967	32.323	99	47	4	58	148	40	126	0.63	33.1
QQS74306.1	Pn21.170	31.25	64	40	2	46	109	6	65	0.79	32
QQS74306.1	Pn19.318	40	35	20	1	396	429	114	148	0.89	32
QQS74306.1	Pn19.321	40	35	20	1	396	429	114	148	0.89	32
QQS74306.1	Pn19.348	40	35	20	1	396	429	53	87	0.97	31.2
QQS74306.1	Pn1.312	21.93	114	88	1	71	184	44	156	1	32.3
QQS74306.1	Pn19.219	28.767	73	47	3	358	429	1	69	1	30.8
QQS74306.1	Pn12.499	23.881	67	47	1	417	483	27	89	1.6	30
QQS74306.1	Pn22.331	27.119	59	38	2	419	477	5	58	1.7	29.6
QQS74306.1	Pn2.2581	33.333	51	34	0	41	91	495	545	2.5	31.2
QQS74306.1	Pn11.546	29.577	71	46	2	51	121	42	108	2.9	30.8
QQS74306.1	Pn2.2656	33.333	51	34	0	41	91	555	605	3.4	30.8
QQS74306.1	Pn2.2652	33.333	51	34	0	41	91	584	634	3.9	30.4
QQS74306.1	Pn23.348	35.849	53	32	2	453	503	92	144	3.9	29.6
QQS74306.1	Pn3.649	28.788	66	43	2	446	510	1	63	4	27.7
QQS74306.1	Pn2.1074	20.13	154	88	6	348	496	92	215	4.6	29.6
QQS74306.1	Pn16.811	22.642	106	69	1	209	301	242	347	5.6	30
QQS74306.1	Pn13.1825	35.135	37	23	1	160	196	917	952	5.9	30
QQS74306.1	Pn19.148	21.788	179	126	3	72	250	44	208	7.4	29.3
QQS74306.1	Pn2.725	20.574	209	136	6	46	232	43	243	7.8	29.3
QQS74306.1	Pn8.402	35.417	48	26	1	17	64	25	67	8.5	28.1
QQS74306.1	Pn2.1324	28.571	42	30	0	210	251	17	58	9.2	28.5
QQS74306.1	Pn16.1105	36.364	33	21	0	28	60	20	52	9.5	27.3
